name,url,resource_id
藏狐,http://i0.hdslb.com/bfs/live/05ef7849e7313e9c32887df922613a7c1ad27f12,05ef7849e7313e9c32887df922613a7c1ad27f12
妙,http://i0.hdslb.com/bfs/live/08f735d950a0fba267dda140673c9ab2edf6410d,08f735d950a0fba267dda140673c9ab2edf6410d
三星堆,http://i0.hdslb.com/bfs/live/0a1ab3f0f2f2e29de35c702ac1ecfec7f90e325d,0a1ab3f0f2f2e29de35c702ac1ecfec7f90e325d
OH,http://i0.hdslb.com/bfs/live/0d5123cddf389302df6f605087189fd10919dc3c,0d5123cddf389302df6f605087189fd10919dc3c
亲亲,http://i0.hdslb.com/bfs/live/10662d9c0d6ddb3203ecf50e77788b959d4d1928,10662d9c0d6ddb3203ecf50e77788b959d4d1928
防护,http://i0.hdslb.com/bfs/live/17435e60dcc28ce306762103a2a646046ff10b0a,17435e60dcc28ce306762103a2a646046ff10b0a
呆,http://i0.hdslb.com/bfs/live/179c7e2d232cd74f30b672e12fc728f8f62be9ec,179c7e2d232cd74f30b672e12fc728f8f62be9ec
爱,http://i0.hdslb.com/bfs/live/1daaa5d284dafaa16c51409447da851ff1ec557f,1daaa5d284dafaa16c51409447da851ff1ec557f
摊手,http://i0.hdslb.com/bfs/live/1e0a2baf088a34d56e2cc226b2de36a5f8d6c926,1e0a2baf088a34d56e2cc226b2de36a5f8d6c926
囧,http://i0.hdslb.com/bfs/live/204413d3cf330e122230dcc99d29056f2a60e6f2,204413d3cf330e122230dcc99d29056f2a60e6f2
汤圆,http://i0.hdslb.com/bfs/live/23ae12d3a71b9d7a22c8773343969fcbb94b20d0,23ae12d3a71b9d7a22c8773343969fcbb94b20d0
保佑,http://i0.hdslb.com/bfs/live/241b13adb4933e38b7ea6f5204e0648725e76fbf,241b13adb4933e38b7ea6f5204e0648725e76fbf
泼水,http://i0.hdslb.com/bfs/live/29533893115c4609a4af336f49060ea13173ca78,29533893115c4609a4af336f49060ea13173ca78
吐了啊,http://i0.hdslb.com/bfs/live/2b6b4cc33be42c3257dc1f6ef3a39d666b6b4b1a,2b6b4cc33be42c3257dc1f6ef3a39d666b6b4b1a
生气,http://i0.hdslb.com/bfs/live/2c69dad2e5c0f72f01b92746bc9d148aee1993b2,2c69dad2e5c0f72f01b92746bc9d148aee1993b2
赞,http://i0.hdslb.com/bfs/live/2dd666d3651bafe8683acf770b7f4163a5f49809,2dd666d3651bafe8683acf770b7f4163a5f49809
响指,http://i0.hdslb.com/bfs/live/3b2fedf09b0ac79679b5a47f5eb3e8a38e702387,3b2fedf09b0ac79679b5a47f5eb3e8a38e702387
抱拳,http://i0.hdslb.com/bfs/live/3f170894dd08827ee293afcb5a3d2b60aecdb5b1,3f170894dd08827ee293afcb5a3d2b60aecdb5b1
撇嘴,http://i0.hdslb.com/bfs/live/4255ce6ed5d15b60311728a803d03dd9a24366b2,4255ce6ed5d15b60311728a803d03dd9a24366b2
dog,http://i0.hdslb.com/bfs/live/4428c84e694fbf4e0ef6c06e958d9352c3582740,4428c84e694fbf4e0ef6c06e958d9352c3582740
无语,http://i0.hdslb.com/bfs/live/4781a77be9c8f0d4658274eb4e3012c47a159f23,4781a77be9c8f0d4658274eb4e3012c47a159f23
疼,http://i0.hdslb.com/bfs/live/492b10d03545b7863919033db7d1ae3ef342df2f,492b10d03545b7863919033db7d1ae3ef342df2f
比心,http://i0.hdslb.com/bfs/live/4e029593562283f00d39b99e0557878c4199c71d,4e029593562283f00d39b99e0557878c4199c71d
跪了,http://i0.hdslb.com/bfs/live/4f2155b108047d60c1fa9dccdc4d7abba18379a0,4f2155b108047d60c1fa9dccdc4d7abba18379a0
难过,http://i0.hdslb.com/bfs/live/5776481e380648c0fb3d4ad6173475f69f1ce149,5776481e380648c0fb3d4ad6173475f69f1ce149
波吉,http://i0.hdslb.com/bfs/live/57dee478868ed9f1ce3cf25a36bc50bde489c404,57dee478868ed9f1ce3cf25a36bc50bde489c404
奸笑,http://i0.hdslb.com/bfs/live/5935e6a4103d024955f749d428311f39e120a58a,5935e6a4103d024955f749d428311f39e120a58a
鬼魂,http://i0.hdslb.com/bfs/live/5d86d55ba9a2f99856b523d8311cf75cfdcccdbc,5d86d55ba9a2f99856b523d8311cf75cfdcccdbc
墨镜,http://i0.hdslb.com/bfs/live/5e01c237642c8b662a69e21b8e0fbe6e7dbc2aa1,5e01c237642c8b662a69e21b8e0fbe6e7dbc2aa1
牛,http://i0.hdslb.com/bfs/live/5e61223561203c50340b4c9b41ba7e4b05e48ae2,5e61223561203c50340b4c9b41ba7e4b05e48ae2
不行,http://i0.hdslb.com/bfs/live/607f74ccf5eec7d2b17d91b9bb36be61a5dd196b,607f74ccf5eec7d2b17d91b9bb36be61a5dd196b
哇,http://i0.hdslb.com/bfs/live/650c3e22c06edcbca9756365754d38952fc019c3,650c3e22c06edcbca9756365754d38952fc019c3
委屈,http://i0.hdslb.com/bfs/live/69312e99a00d1db2de34ef2db9220c5686643a3f,69312e99a00d1db2de34ef2db9220c5686643a3f
热,http://i0.hdslb.com/bfs/live/6df760280b17a6cbac8c1874d357298f982ba4cf,6df760280b17a6cbac8c1874d357298f982ba4cf
哈欠,http://i0.hdslb.com/bfs/live/6e496946725cd66e7ff1b53021bf1cc0fc240288,6e496946725cd66e7ff1b53021bf1cc0fc240288
花,http://i0.hdslb.com/bfs/live/7dd2ef03e13998575e4d8a803c6e12909f94e72b,7dd2ef03e13998575e4d8a803c6e12909f94e72b
白眼,http://i0.hdslb.com/bfs/live/7fa907ae85fa6327a0466e123aee1ac32d7c85f7,7fa907ae85fa6327a0466e123aee1ac32d7c85f7
大哭,http://i0.hdslb.com/bfs/live/816402551e6ce30d08b37a917f76dea8851fe529,816402551e6ce30d08b37a917f76dea8851fe529
生病,http://i0.hdslb.com/bfs/live/84c92239591e5ece0f986c75a39050a5c61c803c,84c92239591e5ece0f986c75a39050a5c61c803c
调皮,http://i0.hdslb.com/bfs/live/84fe12ecde5d3875e1090d83ac9027cb7d7fba9f,84fe12ecde5d3875e1090d83ac9027cb7d7fba9f
滑稽,http://i0.hdslb.com/bfs/live/8624fd172037573c8600b2597e3731ef0e5ea983,8624fd172037573c8600b2597e3731ef0e5ea983
OK,http://i0.hdslb.com/bfs/live/86268b09e35fbe4215815a28ef3cf25ec71c124f,86268b09e35fbe4215815a28ef3cf25ec71c124f
龇牙,http://i0.hdslb.com/bfs/live/8b99266ea7b9e86cf9d25c3d1151d80c5ba5c9a1,8b99266ea7b9e86cf9d25c3d1151d80c5ba5c9a1
一般,http://i0.hdslb.com/bfs/live/8d436de0c3701d87e4ca9c1be01c01b199ac198e,8d436de0c3701d87e4ca9c1be01c01b199ac198e
可怜,http://i0.hdslb.com/bfs/live/8e88e6a137463703e96d4f27629f878efa323456,8e88e6a137463703e96d4f27629f878efa323456
鼠,http://i0.hdslb.com/bfs/live/98f842994035505c728e32e32045d649e371ecd6,98f842994035505c728e32e32045d649e371ecd6
酸,http://i0.hdslb.com/bfs/live/98fd92c6115b0d305f544b209c78ec322e4bb4ff,98fd92c6115b0d305f544b209c78ec322e4bb4ff
惊喜,http://i0.hdslb.com/bfs/live/9c75761c5b6e1ff59b29577deb8e6ad996b86bd7,9c75761c5b6e1ff59b29577deb8e6ad996b86bd7
问号,http://i0.hdslb.com/bfs/live/a0c456b6d9e3187399327828a9783901323bfdb5,a0c456b6d9e3187399327828a9783901323bfdb5
捂脸2,http://i0.hdslb.com/bfs/live/a2ad0cc7e390a303f6d243821479452d31902a5f,a2ad0cc7e390a303f6d243821479452d31902a5f
阴险,http://i0.hdslb.com/bfs/live/a4df45c035b0ca0c58f162b5fb5058cf273d0d09,a4df45c035b0ca0c58f162b5fb5058cf273d0d09
虎年,http://i0.hdslb.com/bfs/live/a51af0d7d9e60ce24f139c468a3853f9ba9bb184,a51af0d7d9e60ce24f139c468a3853f9ba9bb184
抓狂,http://i0.hdslb.com/bfs/live/a7feb260bb5b15f97d7119b444fc698e82516b9f,a7feb260bb5b15f97d7119b444fc698e82516b9f
笑,http://i0.hdslb.com/bfs/live/a91a27f83c38b5576f4cd08d4e11a2880de78918,a91a27f83c38b5576f4cd08d4e11a2880de78918
抱抱,http://i0.hdslb.com/bfs/live/abddb0b621b389fc8c2322b1cfcf122d8936ba91,abddb0b621b389fc8c2322b1cfcf122d8936ba91
流汗,http://i0.hdslb.com/bfs/live/b00e2e02904096377061ec5f93bf0dd3321f1964,b00e2e02904096377061ec5f93bf0dd3321f1964
手机,http://i0.hdslb.com/bfs/live/b159f90431148a973824f596288e7ad6a8db014b,b159f90431148a973824f596288e7ad6a8db014b
喝彩,http://i0.hdslb.com/bfs/live/b51824125d09923a4ca064f0c0b49fc97d3fab79,b51824125d09923a4ca064f0c0b49fc97d3fab79
傲娇,http://i0.hdslb.com/bfs/live/b5b44f099059a1bafb2c2722cfe9a6f62c1dc531,b5b44f099059a1bafb2c2722cfe9a6f62c1dc531
嘘,http://i0.hdslb.com/bfs/live/b6226219384befa5da1d437cb2ff4ba06c303844,b6226219384befa5da1d437cb2ff4ba06c303844
金钱豹,http://i0.hdslb.com/bfs/live/b6e8131897a9a718ee280f2510bfa92f1d84429b,b6e8131897a9a718ee280f2510bfa92f1d84429b
冷,http://i0.hdslb.com/bfs/live/b804118a1bdb8f3bec67d9b108d5ade6e3aa93a9,b804118a1bdb8f3bec67d9b108d5ade6e3aa93a9
出窍,http://i0.hdslb.com/bfs/live/bb8e95fa54512ffea07023ea4f2abee4a163e7a0,bb8e95fa54512ffea07023ea4f2abee4a163e7a0
惊讶,http://i0.hdslb.com/bfs/live/bc26f29f62340091737c82109b8b91f32e6675ad,bc26f29f62340091737c82109b8b91f32e6675ad
歪嘴笑,http://i0.hdslb.com/bfs/live/bea1f0497888f3e9056d3ce14ba452885a485c02,bea1f0497888f3e9056d3ce14ba452885a485c02
嫌弃,http://i0.hdslb.com/bfs/live/c409425ba1ad2c6534f0df7de350ba83a9c949e5,c409425ba1ad2c6534f0df7de350ba83a9c949e5
笑哭,http://i0.hdslb.com/bfs/live/c5436c6806c32b28d471bb23d42f0f8f164a187a,c5436c6806c32b28d471bb23d42f0f8f164a187a
吓,http://i0.hdslb.com/bfs/live/c6bed64ffb78c97c93a83fbd22f6fdf951400f31,c6bed64ffb78c97c93a83fbd22f6fdf951400f31
给力,http://i0.hdslb.com/bfs/live/d1ba5f4c54332a21ed2ca0dcecaedd2add587839,d1ba5f4c54332a21ed2ca0dcecaedd2add587839
鼓掌,http://i0.hdslb.com/bfs/live/d581d0bc30c8f9712b46ec02303579840c72c42d,d581d0bc30c8f9712b46ec02303579840c72c42d
害羞,http://i0.hdslb.com/bfs/live/d8ce9b05c0e40cec61a15ba1979c8517edd270bf,d8ce9b05c0e40cec61a15ba1979c8517edd270bf
大笑,http://i0.hdslb.com/bfs/live/e2589d086df0db8a7b5ca2b1273c02d31d4433d4,e2589d086df0db8a7b5ca2b1273c02d31d4433d4
偷笑,http://i0.hdslb.com/bfs/live/e2ba16f947a23179cdc00420b71cc1d627d8ae25,e2ba16f947a23179cdc00420b71cc1d627d8ae25
捂脸,http://i0.hdslb.com/bfs/live/e6073c6849f735ae6cb7af3a20ff7dcec962b4c5,e6073c6849f735ae6cb7af3a20ff7dcec962b4c5
耶,http://i0.hdslb.com/bfs/live/eb2d84ba623e2335a48f73fb5bef87bcf53c1239,eb2d84ba623e2335a48f73fb5bef87bcf53c1239
再见,http://i0.hdslb.com/bfs/live/f408e2af700adcc2baeca15510ef620bed8d4c43,f408e2af700adcc2baeca15510ef620bed8d4c43
鼻子,http://i0.hdslb.com/bfs/live/f4ed20a70d0cb85a22c0c59c628aedfe30566b37,f4ed20a70d0cb85a22c0c59c628aedfe30566b37
doge2,http://i0.hdslb.com/bfs/live/f547cc853cf43e70f1e39095d9b3b5ac1bf70a8d,f547cc853cf43e70f1e39095d9b3b5ac1bf70a8d
微笑,http://i0.hdslb.com/bfs/live/f605dd8229fa0115e57d2f16cb019da28545452b,f605dd8229fa0115e57d2f16cb019da28545452b
加油,http://i0.hdslb.com/bfs/live/fbc3c8bc4152a65bbf4a9fd5a5d27710fbff2119,fbc3c8bc4152a65bbf4a9fd5a5d27710fbff2119
瓜子,http://i0.hdslb.com/bfs/live/fd35718ac5a278fd05fe5287ebd41de40a59259d,fd35718ac5a278fd05fe5287ebd41de40a59259d
吃瓜,http://i0.hdslb.com/bfs/live/ffb53c252b085d042173379ac724694ce3196194,ffb53c252b085d042173379ac724694ce3196194
